[{"pos_x": 147.828, "pos_y": -104.394, "rotation": -90.0, "side": "top", "designator": "Q2", "mpn": null, "pack": "SOT-23", "value": "BFS17NTA", "mount_type": "smt"}, {"pos_x": 143.2345, "pos_y": -101.854, "rotation": 0.0, "side": "top", "designator": "R7", "mpn": null, "pack": "R_0805_2012Metric_Pad1.20x1.40mm_HandSolder", "value": "3.9k", "mount_type": "smt"}, {"pos_x": 152.4, "pos_y": -104.394, "rotation": 0.0, "side": "top", "designator": "R11", "mpn": null, "pack": "R_0805_2012Metric_Pad1.20x1.40mm_HandSolder", "value": "6.8k", "mount_type": "smt"}, {"pos_x": 143.256, "pos_y": -114.554, "rotation": 180.0, "side": "top", "designator": "R4", "mpn": null, "pack": "R_0805_2012Metric_Pad1.20x1.40mm_HandSolder", "value": "8.2k", "mount_type": "smt"}, {"pos_x": 141.478, "pos_y": -120.142, "rotation": 0.0, "side": "top", "designator": "C2", "mpn": null, "pack": "C_0805_2012Metric_Pad1.18x1.45mm_HandSolder", "value": "1n", "mount_type": "smt"}, {"pos_x": 152.384, "pos_y": -109.474, "rotation": 180.0, "side": "top", "designator": "R10", "mpn": null, "pack": "R_0805_2012Metric_Pad1.20x1.40mm_HandSolder", "value": "2.4k", "mount_type": "smt"}, {"pos_x": 152.384, "pos_y": -117.094, "rotation": 0.0, "side": "top", "designator": "R1", "mpn": null, "pack": "R_0805_2012Metric_Pad1.20x1.40mm_HandSolder", "value": "100", "mount_type": "smt"}, {"pos_x": 152.384, "pos_y": -112.014, "rotation": 0.0, "side": "top", "designator": "R8", "mpn": null, "pack": "R_0805_2012Metric_Pad1.20x1.40mm_HandSolder", "value": "1.5k", "mount_type": "smt"}, {"pos_x": 143.2345, "pos_y": -106.934, "rotation": 180.0, "side": "top", "designator": "C3", "mpn": null, "pack": "C_0805_2012Metric_Pad1.18x1.45mm_HandSolder", "value": "150p", "mount_type": "smt"}, {"pos_x": 152.384, "pos_y": -106.934, "rotation": 180.0, "side": "top", "designator": "R9", "mpn": null, "pack": "R_0805_2012Metric_Pad1.20x1.40mm_HandSolder", "value": "820", "mount_type": "smt"}, {"pos_x": 152.384, "pos_y": -114.554, "rotation": 0.0, "side": "top", "designator": "C1", "mpn": null, "pack": "C_0805_2012Metric_Pad1.18x1.45mm_HandSolder", "value": ".1u", "mount_type": "smt"}, {"pos_x": 143.256, "pos_y": -112.014, "rotation": 0.0, "side": "top", "designator": "R13", "mpn": null, "pack": "R_0805_2012Metric_Pad1.20x1.40mm_HandSolder", "value": "3k", "mount_type": "smt"}, {"pos_x": 143.256, "pos_y": -117.094, "rotation": 0.0, "side": "top", "designator": "R3", "mpn": null, "pack": "R_0805_2012Metric_Pad1.20x1.40mm_HandSolder", "value": "5.1k", "mount_type": "smt"}, {"pos_x": 141.478, "pos_y": -98.868, "rotation": 90.0, "side": "top", "designator": "J1", "mpn": null, "pack": "PinHeader_2x06_P2.54mm_Horizontal", "value": "FPGA Terminal", "mount_type": "tht"}, {"pos_x": 147.828, "pos_y": -117.094, "rotation": 180.0, "side": "top", "designator": "R2", "mpn": null, "pack": "R_0805_2012Metric_Pad1.20x1.40mm_HandSolder", "value": "10k", "mount_type": "smt"}, {"pos_x": 152.384, "pos_y": -101.854, "rotation": 0.0, "side": "top", "designator": "R12", "mpn": null, "pack": "R_0805_2012Metric_Pad1.20x1.40mm_HandSolder", "value": "3.3k", "mount_type": "smt"}, {"pos_x": 143.2345, "pos_y": -109.474, "rotation": 0.0, "side": "top", "designator": "R5", "mpn": null, "pack": "R_0805_2012Metric_Pad1.20x1.40mm_HandSolder", "value": "3.3k", "mount_type": "smt"}, {"pos_x": 147.828, "pos_y": -108.966, "rotation": 90.0, "side": "top", "designator": "Q3", "mpn": null, "pack": "SOT-23", "value": "BFS17NTA", "mount_type": "smt"}, {"pos_x": 143.2345, "pos_y": -104.394, "rotation": 180.0, "side": "top", "designator": "R6", "mpn": null, "pack": "R_0805_2012Metric_Pad1.20x1.40mm_HandSolder", "value": "523", "mount_type": "smt"}, {"pos_x": 147.828, "pos_y": -113.538, "rotation": 90.0, "side": "top", "designator": "Q1", "mpn": null, "pack": "SOT-23", "value": "BFS17NTA", "mount_type": "smt"}, {"pos_x": 150.368, "pos_y": -120.142, "rotation": -90.0, "side": "top", "designator": "J2", "mpn": null, "pack": "PinHeader_1x03_P2.54mm_Vertical", "value": "ADC Terminal", "mount_type": "tht"}]