[{"pos_x": 148.0605, "pos_y": -79.248, "rotation": 180.0, "side": "top", "designator": "C2", "mpn": null, "pack": "C_0805_2012Metric_Pad1.18x1.45mm_HandSolder", "value": "470p", "mount_type": "smt"}, {"pos_x": 152.654, "pos_y": -79.248, "rotation": 0.0, "side": "top", "designator": "R5", "mpn": null, "pack": "R_0805_2012Metric_Pad1.20x1.40mm_HandSolder", "value": "8k", "mount_type": "smt"}, {"pos_x": 152.654, "pos_y": -84.328, "rotation": 180.0, "side": "top", "designator": "R3", "mpn": null, "pack": "R_0805_2012Metric_Pad1.20x1.40mm_HandSolder", "value": "15k", "mount_type": "smt"}, {"pos_x": 148.0765, "pos_y": -76.708, "rotation": 0.0, "side": "top", "designator": "R6", "mpn": null, "pack": "R_0805_2012Metric_Pad1.20x1.40mm_HandSolder", "value": "1.1k", "mount_type": "smt"}, {"pos_x": 144.018, "pos_y": -80.518, "rotation": 0.0, "side": "top", "designator": "J2", "mpn": null, "pack": "PinHeader_1x03_P2.54mm_Vertical", "value": "ADC Terminal", "mount_type": "tht"}, {"pos_x": 152.654, "pos_y": -86.84, "rotation": 0.0, "side": "top", "designator": "R7", "mpn": null, "pack": "R_0805_2012Metric_Pad1.20x1.40mm_HandSolder", "value": "6.8k", "mount_type": "smt"}, {"pos_x": 148.0605, "pos_y": -86.868, "rotation": 0.0, "side": "top", "designator": "R1", "mpn": null, "pack": "R_0805_2012Metric_Pad1.20x1.40mm_HandSolder", "value": "100", "mount_type": "smt"}, {"pos_x": 152.654, "pos_y": -76.708, "rotation": 180.0, "side": "top", "designator": "C3", "mpn": null, "pack": "C_0805_2012Metric_Pad1.18x1.45mm_HandSolder", "value": "68p", "mount_type": "smt"}, {"pos_x": 152.638, "pos_y": -89.408, "rotation": 180.0, "side": "top", "designator": "R8", "mpn": null, "pack": "R_0805_2012Metric_Pad1.20x1.40mm_HandSolder", "value": "3.3k", "mount_type": "smt"}, {"pos_x": 156.562, "pos_y": -76.828951, "rotation": 0.0, "side": "top", "designator": "J1", "mpn": null, "pack": "PinHeader_2x06_P2.54mm_Horizontal", "value": "FPGA Terminal", "mount_type": "tht"}, {"pos_x": 148.0605, "pos_y": -84.328, "rotation": 0.0, "side": "top", "designator": "R2", "mpn": null, "pack": "R_0805_2012Metric_Pad1.20x1.40mm_HandSolder", "value": "18k", "mount_type": "smt"}, {"pos_x": 148.0605, "pos_y": -81.788, "rotation": 0.0, "side": "top", "designator": "R4", "mpn": null, "pack": "R_0805_2012Metric_Pad1.20x1.40mm_HandSolder", "value": "15k", "mount_type": "smt"}, {"pos_x": 148.0605, "pos_y": -89.408, "rotation": 0.0, "side": "top", "designator": "C1", "mpn": null, "pack": "C_0805_2012Metric_Pad1.18x1.45mm_HandSolder", "value": ".1u", "mount_type": "smt"}]